Tamanho,Ordenada,Inversamente Ordenada,Quase Ordenada,Aleatória
10,0.0,0.0,0.0,0.0
100,0.001069,0.0,0.0,0.0
1000,0.026037,0.053239,0.030401,0.045744
10000,2.70476,5.926987,3.157323,4.499063
100000,27.0476,59.26987,31.57323,44.99063
1000000,270.476,592.6987,315.7323,449.9063
